{"meta":{"title":"VanillaYiYi","subtitle":"","description":"VanillaYiYi","author":"VanillaYiYi","url":"http://example.com","root":"/"},"pages":[{"title":"about","date":"2022-07-28T16:13:07.000Z","updated":"2022-07-28T17:07:49.299Z","comments":true,"path":"about/index.html","permalink":"http://example.com/about/index.html","excerpt":"","text":""},{"title":"分类","date":"2022-07-28T16:12:57.000Z","updated":"2022-07-29T08:15:56.953Z","comments":true,"path":"categories/index.html","permalink":"http://example.com/categories/index.html","excerpt":"","text":""},{"title":"friends","date":"2022-07-28T16:13:33.000Z","updated":"2022-07-29T08:16:00.961Z","comments":true,"path":"friends/index.html","permalink":"http://example.com/friends/index.html","excerpt":"","text":"这里写上友链上方的内容 这里可以写友链页面下方的文字备注，例如自己的友链规范、示例等。"},{"title":"所有标签","date":"2022-07-28T16:12:51.000Z","updated":"2022-07-28T17:39:29.571Z","comments":true,"path":"tags/index.html","permalink":"http://example.com/tags/index.html","excerpt":"","text":""}],"posts":[{"title":"github克隆项目失败","slug":"github克隆项目失败","date":"2022-07-29T11:00:25.000Z","updated":"2022-07-29T12:30:47.847Z","comments":true,"path":"2022/07/29/github克隆项目失败/","link":"","permalink":"http://example.com/2022/07/29/github%E5%85%8B%E9%9A%86%E9%A1%B9%E7%9B%AE%E5%A4%B1%E8%B4%A5/","excerpt":"","text":"unable to access ‘https://github.com/用户名/仓库名.git/&#39;: SSL certificate problem: self问题解决前言 今天想在github上找个项目玩玩，但是发现clone不下来，百度没有找到解决方案，于是又把git重装了一遍，发现还是不能clone,而且不能push，而且是同样的错误。于是Google了一下找到解决方案 原因Git client in Fisheye&#x2F;Crucible server perform verification on the SSL certificate and stop the process if it is unknown. 大概意思是：Fisheye&#x2F;Crucible服务器不能识别git的SSL证书，所以操作停止执行。 解决 在git命令行输入以下命令即可 1git config --global http.sslVerify false","categories":[{"name":"github","slug":"github","permalink":"http://example.com/categories/github/"}],"tags":[{"name":"github","slug":"github","permalink":"http://example.com/tags/github/"}]},{"title":"使用github建立图床","slug":"github-img","date":"2022-07-29T09:26:52.000Z","updated":"2022-07-29T12:31:31.478Z","comments":true,"path":"2022/07/29/github-img/","link":"","permalink":"http://example.com/2022/07/29/github-img/","excerpt":"","text":"tip: 建立图床必须具备什么条件 首先你需要一个github账号，如果没有的话，请先注册。github官网地址 github.com 一个github账号 一个公开的仓库 PicGo软件上传图片 一、新建仓库1.1 创建一个新仓库，用于存放图片。填写仓库名称和描述，且仓库必须是public的，否则存储的图片不能正常访问。 1.2 生成一个token，用于picGo访问github选择左侧菜单的Developer settings 之后选择左侧Personal access tokens，再点击Generate new token 填写Note，勾选repo.注意，生成的token只会在这里显示一次，所以记得单独保存下来哦。至此，Github的配置完成。 二、下载picGo，并进行配置2.1 下载访问picGo下载地址，选择 picGo-Setup-XXX.exe下载软件安装包即可。 如果安装成功，picGo不能正常使用，则可以用兼容模式启动,或者重启电脑。【此问题因电脑而异,重启电脑能解决百分之九十九的问题。】 2.2 配置仓库名：[github用户名]&#x2F;[第一步新建的仓库名称] 分支：默认master，从2020.10.01开始，github的默认分支名变更为main 设定token：第一步创建的token 指定存储路径：可填可不填，如果填写了，图片就会存储在img文件夹下 设定自定义域名： https://cdn.jsdelivr.net/gh/[github用户名]/[仓库名]@main,注意，此处的分支一定要填写@main，否则默认使用master分支。而现在github创建的默认分支名为main，如果不指定，则会出现图片不能上传的情况。我的是: https://cdn.jsdelivr.net/gh/txw1314/blog-img@main 2.3 插件安装点击插件设置右边的图标，进入插件网页，选择表格中的插件名称复制到input输入框,选择插件安装，可显示更多内容 至此，github+picGo的配置完成，可以在上传区进行图片上传了。 补充几点 原本github的自定义域名应该是： https://raw.githubusercontent.com/[username]/[仓库名]但是使用这种方式访问图片巨慢，所以建议使用jsdelivr作为cdn加速。改变域名即可，不需要任何其他配置。https://cdn.jsdelivr.net/gh/txw1314/blog-img@main 配置完成，可能出现不能上传的情况，请大家耐心检查，也许某一步的配置出现了问题，实在不行就重启电脑，毕竟重启电脑能解决99%的问题。 不止可以用github作为图床，还可以使用国内的码云(gitee)。当然也有收费的七牛、阿里云等等。在安装插件之后会有诸多选项。 三、上传图片选择PicGo(app)上传图片。 picGo监听端口设置 选择“PicGo设置”–&gt;“设置server” 如果监听端口不是36677，则需要修改为36677。否则会出现picGo能正常上传 图片，而typora上传图片失败的情况。如果picGO不能正常上传图片，建议重启电脑，我就是重启了之后就能正常上传图片了，只是图片不会显示缩略图","categories":[{"name":"github","slug":"github","permalink":"http://example.com/categories/github/"}],"tags":[{"name":"github","slug":"github","permalink":"http://example.com/tags/github/"}]},{"title":"fariy-001","slug":"fariy-001","date":"2022-07-28T12:18:46.000Z","updated":"2022-07-29T12:28:32.527Z","comments":true,"path":"2022/07/28/fariy-001/","link":"","permalink":"http://example.com/2022/07/28/fariy-001/","excerpt":"","text":"精美壁纸","categories":[{"name":"壁纸","slug":"壁纸","permalink":"http://example.com/categories/%E5%A3%81%E7%BA%B8/"}],"tags":[{"name":"fariy","slug":"fariy","permalink":"http://example.com/tags/fariy/"}]},{"title":"Hexo-博客的安装与部署-01","slug":"Hexo-博客的安装与部署-01","date":"2022-07-28T11:14:42.000Z","updated":"2022-07-29T12:35:05.513Z","comments":true,"path":"2022/07/28/Hexo-博客的安装与部署-01/","link":"","permalink":"http://example.com/2022/07/28/Hexo-%E5%8D%9A%E5%AE%A2%E7%9A%84%E5%AE%89%E8%A3%85%E4%B8%8E%E9%83%A8%E7%BD%B2-01/","excerpt":"","text":"一. 软件环境123GitNode.jsClash for Windows(任意加速器，保证能连接到Github) 1.1 Git官网我们会将搭建好的Hexo上传到Github，所以需要Git命令行支持。Git官网页面 1.2 Node.jsNode官网页面快捷安装()如果你的网络无法进行下载，请访问以下链接进行下载：Git-密码0625-来自上杉九月的网盘分享https://cloud.sakurasep.club/s/YdiENode.js-密码0625-来自上杉九月的网盘分享https://cloud.sakurasep.club/s/jdHB 1.3 检查安装是否成功打开cmd命令行，输入node -v后显示版本号，即为安装成功在电脑的任意目录点击右键，能够显示Git Bash Here使用这个功能可以更方便的在当前目录启动命令行，当然你也可以使用cmd的cd命令到当前目录 二. 博客本地化部署2.1 更改npm为cnpm源国内某些网络环境访问npm会出现问题，建议使用taobao镜像源，能有效减少故障的发生cnpm切换过程使用cnpm -v后正常输出版本号，即为安装成功显示版本号 2.2 安装hexo命令行全局安装hexo 123npm install hexo-clioryarn add hexo-cli 2.3 Hexo博客初始化选取一个想要安装Hexo的目录，路径中最好不要含有中文，后续会更好处理此时文件夹内应有初始化文件，不过只要接下来能够成功运行如果初始化出现问题，即在运行hexo init的时候报错(通常是由于网络而出现问题)如果出现网络问题导致无法下载，请访问以下链接获取基础包：Hexo_基础包文件-密码0625-来自上杉九月的网盘分享 1https://cloud.sakurasep.club/s/Nouy 2.4 运行博客在博客根目录右键打开Git Bash Here 输入以下指令hexo clean 清除已经部署的网页静态文件 hexo g 编译当前博客hexo s 启动本地服务器 出现Hexo is running at http://localhost:4000/ . Press Ctrl+C to stop 并且没有后续的警告语句，说明部署成功，在浏览器中输入localhost:4000查看部署效果。 如果你的端口4000被占用，可以使用hexo s -p 端口号。然后访问http://localhost:端口号 以上，博客的最基本的本地化部署已经完成，接下来的内容是将博客部署到网络进行在线访问。 三. 博客部署到网络基本介绍一下目前不同部署方式的差别。 Github：微软旗下的开源代码托管平台，国内某些运营商可能无法访问，一般来说还是推荐部署在Github Pages，这也是我本人目前主要用的服务。Gitee：虽然是国内的代码托管平台，访问速度可以保证，但是它的Pages页面需要手动更新，并且不能够绑定自定义的域名(如果你想和别的博主交换友链，最好还是要有一个域名。因为一般有域名的博客更有动力维护下去)。 Coding：部署方式很复杂，新版的Coding Pages貌似是和腾讯云挂钩，按量付费，感觉没必要了。 Vercel：是一个静态网页部署平台，好像访问速度要比Github稍微快一些，并且提供修改自定义域名。 云服务器：访问速度很大程度上取决于你的服务器的带宽，而且现在服务器的价格也不便宜，以后部署其他需要服务器的项目时再使用比较好。 3.1 部署到Github(推荐)作为全球最大同性社交平台，我们主要讲部署到gitHub,其他的自行学习 3.1.1 创建Github仓库注册完成Github账号，新建仓库用于保存上传博客代码。 Tips:试试新建一个仓库名为你Github用户名的仓库 新建仓库，确保仓库为公开(Public)，并且仓库名与用户名保持一致, 其他设置正常，创建仓库。 3.1.2 获取与Github的连接（可跳过）在任意位置打开Git Bash Here，输入以下指令 输入第三个命令后只需要连续按下三次回车，就会在C:\\Users\\用户名.ssh中生成密钥文件 打开id_rsa.pub，复制文件内容，添加到SSH公钥然后在Git Bash中输入以下命令测试是否连通Github 3.1.3 上传博客到Github首先在Git Bash中输入以下命令安装部署插件 打开根目录下的_config.yml文件 1代码 repo 可以复制此处的链接 填好后在Git Bash中输入下列命令部署到Github仓库 此时访问https://Github用户名.github.io即可访问 3.1.4 绑定自定义域名你可以自行选择域名提供商，购买完域名后，在域名解析里设置以下解析记录 主机记录：设置为@为泛解析，即访问域名为https://域名。如果想要设置为二级域名，请将主机记录设置为想要设置的名称，比如主机记录设置为hexo，即访问域名为https://hexo.域名 记录类型：设置为CNAME，将域名解析到网址。因为Github建议将自定义域名以CNAME解析到Github用户名.github.io 然后在_config.yml中设置url为你解析的域名最后再博客根目录&#x2F;source下新建CNAME文件 用于Github识别项目的自定义地址 3.2 部署到Gitee(备用方法)Gitee官网 3.2.1 创建Gitee仓库部署到Gitee与部署到Github的流程相差很小，看一个就行。 3.2.2 获取与Gitee的连接在任意位置打开Git Bash Here，输入以下指令获取SSH公钥 输入第三个命令后只需要连续按下三次回车，就会在C:\\Users\\用户名.ssh中生成密钥文件 用记事本打开id_rsa.pub，复制文件内容，添加到SSH公钥 然后在Git Bash中输入以下命令测试是否连通Gitee 连接成功 3.2.3 上传博客到Gitee首先在Git Bash中输入以下命令安装部署插件打开根目录下的_config.yml文件最后部分 1234deploy: type: git repo: https://github.com/txw1314/txw1314.github.io.git branch: master repo 后面是仓库链接(我的是：https://github.com/txw1314/txw1314.github.io.git ) 填好后在Git Bash中输入下列命令部署到Gitee仓库 在仓库的服务-Gitee Pages进行手动部署 Github Pages会自动使用你仓库的代码进行部署，而Gitee需要你手动更新,详细百度参考 等待部署结束后，访问Https://Gitee用户名.gitee.io查看部署结果 3.3 部署到Vercel请在看过3.1部署到Github后再观看本部分教程,此处不做介绍。 本篇文章基本讲述了Hexo博客的基本部署，包括了本地化部署测试和上传到Github，Gitee等平台，使用托管平台提供的Page服务进行远程访问。 本篇教程属于面向与小白的零基础教程系列，如果在安装过程中出现任何问题，你可以在评论区提问，你的提问也是我充实文章的助力！ 关注上杉九月，关注上杉九月谢谢喵！ Hexo_01-博客的安装与部署https://blog.sakurasep.site/posts/hexo01/","categories":[{"name":"Hexo系列","slug":"Hexo系列","permalink":"http://example.com/categories/Hexo%E7%B3%BB%E5%88%97/"}],"tags":[{"name":"Hexo","slug":"Hexo","permalink":"http://example.com/tags/Hexo/"}]},{"title":"Hello World","slug":"hello-world","date":"2022-07-28T07:30:26.000Z","updated":"2022-07-29T12:28:05.943Z","comments":true,"path":"2022/07/28/hello-world/","link":"","permalink":"http://example.com/2022/07/28/hello-world/","excerpt":"","text":"Welcome to Hexo! This is your very first post. Check documentation for more info. If you get any problems when using Hexo, you can find the answer in troubleshooting or you can ask me on GitHub. Quick StartCreate a new post1$ hexo new &quot;My New Post&quot; More info: Writing Run server1$ hexo server More info: Server Generate static files1$ hexo generate More info: Generating Deploy to remote sites1$ hexo deploy More info: Deployment","categories":[{"name":"个人学习","slug":"个人学习","permalink":"http://example.com/categories/%E4%B8%AA%E4%BA%BA%E5%AD%A6%E4%B9%A0/"}],"tags":[{"name":"个人","slug":"个人","permalink":"http://example.com/tags/%E4%B8%AA%E4%BA%BA/"}]}],"categories":[{"name":"github","slug":"github","permalink":"http://example.com/categories/github/"},{"name":"壁纸","slug":"壁纸","permalink":"http://example.com/categories/%E5%A3%81%E7%BA%B8/"},{"name":"Hexo系列","slug":"Hexo系列","permalink":"http://example.com/categories/Hexo%E7%B3%BB%E5%88%97/"},{"name":"个人学习","slug":"个人学习","permalink":"http://example.com/categories/%E4%B8%AA%E4%BA%BA%E5%AD%A6%E4%B9%A0/"}],"tags":[{"name":"github","slug":"github","permalink":"http://example.com/tags/github/"},{"name":"fariy","slug":"fariy","permalink":"http://example.com/tags/fariy/"},{"name":"Hexo","slug":"Hexo","permalink":"http://example.com/tags/Hexo/"},{"name":"个人","slug":"个人","permalink":"http://example.com/tags/%E4%B8%AA%E4%BA%BA/"}]}